Name,Title,Body
Leanne Graham,sunt aut facere repellat provident occaecati excepturi optio reprehenderit,"laudantium enim quasi est quidem magnam voluptate ipsam eos
tempora quo necessitatibus
dolor quam autem quasi
reiciendis et nam sapiente accusantium"
Ervin Howell,et ea vero quia laudantium autem,"doloribus at sed quis culpa deserunt consectetur qui praesentium
accusamus fugiat dicta
voluptatem rerum ut voluptate autem
voluptatem repellendus aspernatur dolorem in"
Clementine Bauch,asperiores ea ipsam voluptatibus modi minima quia sint,"ut dolorum nostrum id quia aut est
fuga est inventore vel eligendi explicabo quis consectetur
aut occaecati repellat id natus quo est
ut blanditiis quia ut vel ut maiores ea"
Patricia Lebsack,ullam ut quidem id aut vel consequuntur,"iste ut laborum aliquid velit facere itaque
quo ut soluta dicta voluptate
error tempore aut et
sequi reiciendis dignissimos expedita consequuntur libero sed fugiat facilis"
Chelsey Dietrich,non est facere,"deleniti aut sed molestias explicabo
commodi odio ratione nesciunt
voluptate doloremque est
nam autem error delectus"
Mrs. Dennis Schulist,soluta aliquam aperiam consequatur illo quis voluptas,"incidunt sapiente eaque dolor eos
ad est molestias
quas sit et nihil exercitationem at cumque ullam
nihil magnam et"
Kurtis Weissnat,voluptatem doloribus consectetur est ut ducimus,"quia incidunt ut
aliquid est ut rerum deleniti iure est
ipsum quia ea sint et
voluptatem quaerat eaque repudiandae eveniet aut"
Nicholas Runolfsdottir V,et iusto veniam et illum aut fuga,"aut vero est
dolor non aut excepturi dignissimos illo nisi aut quas
aut magni quia nostrum provident magnam quas modi maxime
voluptatem et molestiae"
Glenna Reichert,tempora rem veritatis voluptas quo dolores vero,"facere repudiandae vitae ea aut sed quo ut et
facere nihil ut voluptates in
saepe cupiditate accusantium numquam dolores
inventore sint mollitia provident"
Clementina DuBuque,aut amet sed,"exercitationem et id quae cum omnis
voluptatibus accusantium et quidem
ut ipsam sint
doloremque illo ex atque necessitatibus sed"
